연월일,과목,문제번호,문제내용,보기,선택지1,선택지2,선택지3,선택지4,선택지5,정답,해설
20250910,일반,1,다음 중 FATF에 대한 설명으로 바르지 않은 것은?,,"UN 협약 및 UNSCR과 관련된 금융조치의 이행을 위한 행동기구로서 G7정상회담의 합의로 설립되었다.","FATF는 자금세탁과 테러자금조달에 공동대응하기 위한 국제기준을 마련하고 각 국의 이행상황을 점검하고 있다.","FATF 운영위원회(Steering Group)은 각국의 이행상황을 점검하고 고위험_ 비협조 국가를 가려내는 역할을 하고 있다.","FATF의 최고 의사기구는 총회(Plenary)로 일반적으로 연 3회(2월_ 6월_ 10월) 개최된다.","FATF는 최초 마약자금만을 관할 범위로 하였지만_ 이후 중대범죄_ 테러자금조달_ 확산금융 등으로 관할 범위를 확대해 나가고 있다.","3","[FATF 조직 중 5개 working group의 하나인 ICRG가 고위험_ 비협조 국가를 가려내고 전략적 미비점을 지적하는 제재 역할을 담당하고 있다. 출제원 : 제도편 27~29페이지]"
20250910,일반,2,다음이 설명하는 용어는?,[IT 기술의 발달에 따라 디지털 자산이 자금세탁의 주요 통로가 되면서 FATF 는 이 분야에 대해 연구하고 관련된 가이던스를 제시하고 있다. 디지털 자산에 대한 다양한 용어로 인한 연구자 및 정책자의 혼선을 막고자 용어를 통일하여 정의하게 되었다.],Virtual Asset,Cryptocurrency,Visual Currency,Virtual Currency,Fiat Currency,1,[FATF는 Currency라는 용어가 Fiat currency(법정통화)와 혼선을 줄 가능성을 고려하여 Currency 라는 용어를 피하고 Virtual Asset이라는 용어로 통일하여 사용하고 있다. 출제원 : 제도편 191페이지]
20250910,일반,3,다음 중 특정금융정보법 시행령 17조(과태료부과기준) 및 별표상의 위반행위와 6_000만원을 기준으로 하여 감경 또는 가증한 과태료가 부과될 수 있다.,,STR 미보고 : 1_800만원,CTR 회피 분할 미보고 : 900만원,CDD의무(신규_ 일회성) 미수행 : 건당 1_800만원,CDD의무(의심고객) 미수행 : 3_600만원,내부통제 미비 : 6_000만원,4,[금융회사등이 법 제5조의2제1항제2호(의심고객)의 의무를 위반할 경우 6_000만원을 기준으로 하여 감경 또는 가증한 과태료가 부과될 수 있다. 출제원 : 제도편 265페이지]
20250910,일반,4,다음 <보기>가 설명하는 개념은?,[자금세탁에 대한 불법거래를 조장할 수 있으면서도 이를 차단할 수도 있는 이중적 잠재성을 가진 민간부문의 중개인],심층분석가,게이트키퍼,법집행전문가,전문중개인,위험예방전문가,2,[게이트키퍼의 잠재성을 활용하여 자금세탁방지의 효율성을 높일 수 있다. 출제원 : 제도편 236페이지]
20250910,일반,5,자금세탁은 다른 범죄와 구분되는 특징들을 갖고 있는데_ 다음 중 자금세탁 범죄의 특징이 아닌 것은?,,"자금세탁은 일반적으로 한 국가 내에서 이뤄지는 것이 아니라_ 해외송금_ 무역거래_ 전자지갑 등을 이용하여 2개 국가 이상을 넘나들며 이뤄진다.","금융회사뿐만 아니라_ 변호사_ 세무사 등 비금융 사업자들 또한 자금세탁 범죄에 노출되어 있다는 특성이 있다.","자금세탁은 자금의 실제소유자에 의해 직접적으로 단독으로 실행되는 케이스가 많기에 발견이 어렵다.","자금세탁은 그 범죄 자체뿐만 아니라 마약_ 인신매매_ 성매매 등 각종 중범죄와 연결되어 있다는 점에서 심각성을 갖는다.","자금세탁은 그 범죄 자체뿐만 아니라 마약_ 인신매매_ 성매매 등 각종 중범죄와 연결되어 있다는 점에서 심각성을 갖는다.","3","[자금세탁이 실제소유자에 의해 이뤄지는 경우는 드물고_ 범죄조직에 의해 이뤄지는 경우가 많다. 출제원 : 제도편 5~6페이지]"
20250910,일반,6,유럽연합의 암호자산시장에 관한 법률(MiCA)과 거리가 먼 것은?,,"암호자산을 크게 세가지로 구분하고 차등한 규제를 적용한다.","MiCA의 시장남용에 대한 규칙은 거래플랫폼에서 이뤄진 거래에만 적용된다.","MiCA는 VASP 용어 대신 CASP의 용어를 사용하고 있다.","MiCA는 암호자산서비스들이 EU AML Directive의 기준에 맞다면 [금융서비스]로 간주하도록 한다.","MiCA는 회원국 주무당국_ ESMA 및 EBA의 암호자산 시장에 대한 권한을 정하고 상호간의 협력도 규정하고 있다.","2","[거래_ 주문 등의 행위가 거래플랫폼에서 발생하였는지 여부와 관계없이 적용한다. 출제원 : 제도편 200페이지]"
20250910,일반,7,FATF권고사항 40의 핵심조치사항이 아닌 것은?,,"위험의 확인_ 정책개발과 국내적 조정(Coordination)의 수행","사기방지_ 반부패_ 포렌식을 통한 개인정보 추적","금융부문과 다른 지정된 분야를 위한 예방조치 적용","권한당국(법집행기관)과 조치기구들의 권한과 책임을 정립","국제협력의 추진","2","[2는 포함되지 않는다 출제원 : 제도편 31~55페이지]"
20250910,일반,8,FATF는 권고사항이 충분이 이행되었는지(Implemented) 뿐만 아니라 실질적으로 AML/CFT 제도의 이행을 하고 있는지_ 기대되는 성과(를 달성하고 있는지도 고려하고 있다. 이러한 효과성 평가를 표현하는 FATF의 용어는?,,"Immediate Outcome","Interpretative note","FATF Recommendation","Risk-based Approach","Mutual assessment","1","[효과성 평가로 번역되는 FATF의 Immediate Outcome은 총 11개로 권고사항을 이행하는 것 뿐만 아니라_ 실제로 성과를 달성하고 있는지 보여주는 것이다. 출제원 : 제도편 80페이지]"
20250910,일반,9,다음이 설명하고 있는 [이 범죄]는?,[이 범죄로 정립되지 않은 범죄는 불법자금세탁행위로 처벌할 수 없다. 1990년대 이전까지는 주로 마약류 범죄만을 이 범죄로 규정하였으나 점차 그 범죄의 범위가 확대되고 있다.],금융범죄(Financial offence),중대범죄(Serious offence),배치범죄(Placement offence),국제범죄(International offence),전제범죄(Predicate offence),5,[자금세탁행위가 되기 위해서는 전제범죄가 전제되어야 한다. 출제원 : 제도편 7페이지]
20250910,일반,10,유럽연합(EU) 제4차 AML Directives의 내용이 아닌 것은?,,"의심거래보고 현금기준을 10_000유로로 강화","범죄행위에 ‘직접 및 간접세와 관련된 조세범죄 포함’","익명계좌 유지와 통장보관을 금지하고 기존의 익명계좌 소유자 및 수익자에 대한 고객확인 실시","실제소유자의 중앙등록부서 관리","강화된 고객확인(EDD)의 면제조항 삭제","3","[익명계좌 유지 금지는 제3차 AML Directive에 적용되었다. 출제원 : 제도편 103~104페이지]"
20250910,일반,11,특정금융정보법 제10조는 수사_ 조사업무 등을 위해서 특정금융정보를 법집행기관에 제공할 수 있는 근거를 두고 있는데_ 다음 중 이러한 목적에 따른 법집행기관(기관장)에 포함되지 않는 것은?,,"검찰총장","외교부장관","행정안전부장관","고위공직자범죄수사처장","국세청장","2","[법집행기관은 검찰_ 행정안전부_ 고위공직자범죄수사처_ 국세청_ 관세청_ 중앙선거관리위원회_ 금융위원회_ 국가정보원이다. 출제원 : 제도편 157페이지]"
20250910,일반,12,FATF 권고사항 24의 핵심내용으로 가장 거리가 먼 것은?,,"권고 24는 법인의 자금세탁의 통로로 활용하는 것을 방지하고자 법인의 실제소유자 및 지배구조를 파악할 수 있게 하는 것을 골자로 한다.","각 국은 법인이 무기명 주식_ 무기명 주식증서의 발행을 금지하여야 하고 기 발행된 무기명주식이 자금세탁이나 테러자금조달에 활용되지 않도록 하여야 한다.","정부는 금융회사 및 DNFBP가 실제소유자 및 지배구조에 대한 정보에 접근할 수 있도록 하는 조치 마련을 고려해야 한다.","권고 24에서 말하는 법인은 해당 국가에서 설립된 법인만을 말하며_ 다른 나라에서 설립된 법인은 포함하지 않는다.","법인의 종류 및 형태_ 법인의 설립과 실제소유자 정보의 기록과 취득에 대한 절차에 대해 규정한 매커니즘을 구축해야 하고 이를 대중이 이용할 수 있도록 하여야 한다/","4","[R.24 주석서에서 다른 국가에서 설립되었더라도 해당 국가에 ML/TF 위험을 발생시키고 충분한 상관관계가 있을 경우 파악하도록 하고 있다. 출제원 : 제도편 45페이지]"
20250910,일반,13,다음 중 개별 금융업권과 검사수탁기관의 연결이 바르게 이뤄진 것은?,,"금융감독원장 - 농협은행_ 수협은행","관세청장 - 소액해외송금업자","문화체육관광부장관 - 카지노 사업자","행정안전부 장관 - 우체국","관세청장 – 한국수출입은행","1","[2) 소액해외송금업자 - 금융감독원장 3) 제주도 카지노 사업자 - 제주특별자치도지사 4) 우체국 - 과학기술정보통신부장관 5) 한국수출입은행 - 금융감독원장 출제원 : 제도편 260페이지]"
20250910,일반,14,다음 중 비엔나 협약(1988년)을 기준으로 1996년 우리나라에 제정된 자금세탁방지 관련 법률은?,,"마약류불법거래방지법","총포화약법","금융실명법","범죄수익은닉규제법","테러자금금지법","1","[비엔나협약을 기준으로 마약류불법거래방지법이 제정되었다. 출제원 : 제도편 8페이지]"
20250910,일반,15,다음 밑줄 친 부분이 설명하는 개념은?,[범죄수익 및 범죄수익에서 유래한 재산_ 범죄행위의 보수로 얻은 재산 등은 몰수할 수 있다. 만일 몰수할 수 있는 재산이 몰수대상재산과 [몰수대상 재산 외의 재산과 합쳐짐으로써 생긴 재산]일 경우에는 몰수대상재산의 금액 또는 수량에 상당하는 부분을 몰수할 수 있다.],혼합재산,혼화재산,합성재산,혼재재산,용해재산,2,[범죄수익은닉규제법 제8조(범죄수익등의 몰수)에서 혼화재산으로 표현하고 있다. 출제원 : 제도편 164페이지]
20250910,일반,16,다음 중 특정금융정보법 상 '금융회사등'에 포함되지 않는 것은?,,"수출입은행","상호저축은행","신용협동조합","카지노","회계법인","5","[특정금융정보법 2조의 정의에서 금융회사등의 범위를 나열하고 있으며_ 회계법인은 포함되지 않는다 출제원 : 제도편 146페이지]"
20250910,일반,17,다음 중 금융정보분석원이 결정하는 조치사항이 아닌 것은?,,"금융회사에 대해 시정명령","관계 행정기관 장에게 해당 금융회사의 (6개월 범위 내에서) 영업의 전부 또는 일부의 정지를 요구","기관에 대한 과태료","금융회사의 장에게 관련 임원의 해임권고 및 6개월 이내 직무정지 요구","관련된 금융회사 직원에 대한 직접 감봉_ 견책_ 주의 조치","5","[5는 해당 금융회사의 장에게 요구할 수 있다. 출제원 : 제도편 263페이지]"
20250910,일반,18,가상자산과 관련한 불공정거래행위 방지 등을 위해 새로 제정되어 2024년 7월부터 시행될 법률의 명칭은?,,"가상자산사업자에 대한 자본시장법","금융소비자보호법","특정 신기술 사업자에 대한 불공정행위 규제법","가상자산이용자보호법","가상자산사업자의 불공정행위 방지 등에 관한 법률","4","[새로 제정되어 발효될 법률의 명칭은 가상자산이용자보호법이다. 출제원 : 제도편 201페이지]"
20250910,일반,19,다음 중 유럽연합(EU)의 감독기관이 아닌 것은?,,"EBA","EIOPA","ESMA","ECB","ESCAP","5","[ESCAP은 아시아태평양 경제사회위원회이다. 출제원 : 제도편 126~130페이지]"
20250910,일반,20,2010년 World Bank가 제시한 AML법률 제도 요구사항이 아닌 것은?,,"자금세탁의 범죄화","테러와 테러자금조달의 범죄화","압수_ 몰수 및 권리의 상실","개인정보의 암호화","감독 및 규제","4","[개인정보의 암호화는 World Bank가 요구한 자금세탁 방지를 위한 8가지 법률제도 요구사항에 포함되어 있지 않다. 출제원 : 제도편 142페이지]"


20250918,일반,81,"다음 중 정기재이행에 대한 설명이다. ()에 알맞은 것을 고르시오. [금융회사등은 고객확인을 한 고객과 거래가 유지되는 동안 고객의 거래행위를 고려한 자금세탁행위등의 위험도에 따라 고객확인의 재이행 주기를 설정_ 운용하여야 한다. 재이행을 통하여 금융회사등은 해당 고객의 (①)정보의 업데이트 여부_ CDD (②)등급의 적정성 여부_ 고객의 거래활동과 고객이 제공한 정보의 (③)여부를 재점검하여야 한다.]","","①실명확인_ ②신용등급_ ③적합성","①실명확인_ ②위험(리스크)_ ③투자성","①고객확인_ ②(위험)리스크_ ③일치성","①고객확인_ ②투자성향등급_ ③리스크","①실명확인_ ②투자성향등급_ ③일치성",3,""
20250918,일반,82,"다음 문장의 ()안에 들어갈 알맞은 것을 고르시오. [고객확인제도란 금융회사등이 고객과 금융거래시 자신이 제공하는 ( ① ) 또는 서비스가 자금세탁 등의 불법행위에 이용되지 않도록 고객의 ( ② ) 및 검증_ ( ③ ) 및 실소유자 확인 등 고객에 대하여 합당한 주의를 기울이는 것을 의미한다.]","","① 금융상품_ ② 신원확인_ ③ 거래목적","② 금융상품_ ② 기본정보 확인_ ③ 법인관계인","③ 금융상품_ ② 추가정보확인_ ③법인관계인","④ 채널_ ② 기본정보확인_ ③ 투자목적","⑤ 채널_ ② 신원확인_ ③ 거래목적",1,"[고객확인제도란 금융회사등이 고객과 금융거래시 자신이 제공하는 (① 금융상품 ) 또는 서비스가 자금세탁 등의 불법행위에 이용되지 않도록 고객의 (② 신원확인) 및 검증_ (③ 거래목적) 및 실소유자 확인 등 고객에 대하여 합당한 주의를 기울이는 것을 의미한다.]"
20250918,일반,83,"다음 중 자금세탁방지업무 규정 상 반드시 필수 고위험고객 로 분류하여야 하는 대상이 아닌 것을 고르시오.","","주한 미국 대사","해당 금융회사에 수신 자산이 500억원 넘게 보유한 고액자산가","과거 3개월동안 STR 보고가 4번 이상 이루어졌고_ 현재 동일한 위험 신호 거래가 계속하여 추출되는 고객","대형 백화점에 입점한 유명 쥬얼리 판매회사 직원","최근 금융정보분석원에 가상자산 신고 수리를 득한 가상자산사업자",4,"[귀금속업자는 필수 고위험으로 분류하는 것이 맞지만_ 귀금속업자에서 근무를 하는 직원은 반드시 고위험으로 분류하여야 하는 것은 아님]"
20250918,일반,84,"다음은 여신금융전문에 대한 의심거래 참고유형에 대한 예시이다. 가장 알맞지 않은 것을 고르시오. (FIU STR 참고유형 기준)","","고령자나 미성년자의 과도한 카드 이용 거래","해외 ATM 기기에서 고액의 현금 인출 거래","반복적인 선결제 후 선결제 취소 거래","해외 가상자산거래소에서의 고액 카드 거래","원격지에서 이뤄지는 카드 결제",5,"[원격자에서 발생하였다고 하여 의심거래로 판단하지는 않음]"
20250918,일반,85,"홍길동은 A 금융회사에 계좌를 가지고 있는데_ CDD 정보에 따르면 무직이며 신용불량자인 것으로 확인된다. 지난 3개월동안 홍길동은 매일 5천만원 이상의 현금을 계좌에 입금한 후_ 다시 전액 인출하여 1십만원권 자기앞수표로 인출하는 거래를 지속하여_ 거래모니터링에서 홍길동에 대하여 매일 동일한 위험신호가 추출되었다. 이와 같이 동일고객에 대하여 반복되는 위험신호가 추출되는 경우 매 거래마다 보고하여야 하는지에 대한 규제당국의 입장에 대하여 가장 잘 설명한 것은?","","최초 위험신호에 대하여 의심거래로 보고하였다면_ 해당 거래는 보고가 된 것이므로 추가적인 보고를 할 필요는 없다.","최초 STR 보고가 진행된 후에는 동일한 위험신호에 대하여 최초 STR 보고에 대한 추가자료 제출을 통하여 보고하면 되고 별도의 STR을 보고할 필요는 없다.","특정금융정보법 제정시 불법재산으로 의심되는 금융거래를 보고하도록 규정하고 있어_ 동일한 거래 발생시마다 모든 위험신호를 STR로 보고하여야 한다.","동일고객에 대하여 동일 위험신호가 반복적으로 추출되는 경우 매건마다 STR로 보고할 경우_ 고객 거래 전반에 대한 종합적인 분석이 미흡하여 STR품질이 좋지 않은 보고가 이루어질 수 있으므로 동일 고객이 동일 유형 거래가 반복적으로 발생하는 경우 일정기간 거래를 종합적으로 판단하여 보고하는 것이 더 바람직하다.","동일고객에 대한 동일 위험신호의 경우 최초 STR에 대해서는 종합적인 분석을 작성하여 보고하여야 하지만_ 추가 거래에 대해서는 CTR로 보고하면 충분하다.",4,"[금융위원회 Q&A에 따르면 동일고객에 대하여 동일 위험신호가 반복적으로 추출되는 경우 매건마다 STR로 보고할 경우_ 고객 거래 전반에 대한 종합적인 분석이 미흡하여 STR품질이 좋지 않은 보고가 이루어질 수 있으므로 동일 고객이 동일 유형 거래가 반복적으로 발생하는 경우 일정기간 거래를 종합적으로 판단하여 보고하도록 요구하고 있다.]"
20250918,일반,86,"비영리 단체에 대한 다음 설명 중 가장 거리가 먼 것은?","","비영리 단체는 테러조직을 합법적인 단체로 가장하기 위한 수단으로 이용될 수 있다.","FATF 권고사항은 비영리단체를 보고주체로 지정하여 고객실사를 수행하도록 요구하거나 감독할 필요는 없음을 명시하고 있다.","FATF 권고사항 및 주석서에서 모든 비영리단체에 대해서 고위험을 적용하고 예방적 조치를 실시할 것을 권고하고 있다.","비영리단체가 TF에 활용되지 않기 위해서는 의 실제소유자_ 주요 주체 들에 대한 정보_ 비영리단체가 목적으로 하는 사업과 금융거래와의 관련성을 면밀히 살펴야 한다.","비영리단체와 테러조직은 서로 상이한 목표와 지향점을 갖고 있으나 인적_물적 자원조달 방법 면에서는 유사한 경우가 많다.",3,"[NPO에 대한 과도한 조치로 인해 NPO의 합법적인 활동 및 필요한 서비스 제공을 저해하여 NPO의 긍정적 기능이 위축된다는 문제제기가 있었으며_ NPO의 위범에 비례한 선별적인 체계적인 조치가 필요하다.]"
20250918,일반,87,"다음 개좌개설 사례는 금융회사등이 금융거래가 완료되기 전에 요주의인물 리스트 정보와의 비교를 통해 요주의 인물인지 확인하여야 하는 대상에 대한 예시이다. 요주의 인물 리스트 정보와 비교해야 하는 대상으로 가장 알맞은 것은? [㈜ABC는 김철수가 100%지분을 가지고 있으며_ 대표이사는 홍길동으로 확인되었음. ㈜ABC의 직원인 홍지인이 대리인 로 내점하여 계좌를 개설함]","","㈜ ABC","㈜ ABC와 홍지인","㈜ ABC 와 김철수_ 홍길동","김철수와 홍길동_ 홍지인","㈜ ABC_ 김철수와 홍길동_ 홍지인 모두",5,"[금융회사등이 금융거래가 완료되기 전에 요주의인물 리스트 정보와의 비교를 통해 당해 거래고객 및 관련인(대리인_ 실제소유자 및 법인·단체 고객의 경우 대표자 등을 포함함)이 요주의 인물인지 확인할 수 있는 절차를 수립_ 운영하여야 함]"
20250918,일반,88,"다음 금융거래 상황별 CTR(고액현금거래보고) 보고의무 주체와 보고 상대방에 대하여 잘못 기술한 것은?","","계좌거래를 하는 경우 계좌개설 금융회사가 계좌명의인에 대하여 CTR를 보고하여야 한다.","정액 자기앞수표 지급 거래의 경우 발행금융회사가 지급제시인에 대하여 CTR을 보고하여야 한다.","자동화기기 거래의 경우 계좌 보유 금융회사가 계좌명의인에 대하여 CTR을 보고하여야 한다.","대출실행거래의 경우 대출실행 금융회사가 대출차주에 대하여 CTR을 보고하여야 한다.","무통장방식 거래의 경우 송금 금융회사가 송금의뢰인에 대하여 CTR을 보고하여야 한다.",2,"[정액 자기앞수표 지급거래의 경우 2015년 1월 1일부터는 자기앞수표 지급 금융회사가 보고주체 금융회사임]"
20250918,일반,89,"다음은 고객확인제도의 고객확인 이행시기에 대한 설명이다. 옳지 않은 것을 고르시오.","","금융회사등은 고객이 계좌를 신규로 개설하기 전 또는 당해 금융거래가 완료되기 전까지 고객확인을 이행하는 것이 원칙이다.","종업원_ 학생등에 대한 일괄적인 계좌개설의 경우 거래당사자가 계좌개설 후 최초로 입금거래를 할 때 고객확인을 수행하면 된다.","상법 제639조에서 정하는 타인을 위한 보험의 경우 보험금_ 만기환급금_ 그 밖의 지급금액을 그에 관한 청구권자에게 지급하는 때 고객확인을 이행하면 된다.","7일동안 동일인 명의로 이루어지는 일회성 금융거래등의 합계액이 기준금액 이상인 경우_ 해당 거래 후 거래당사자가 최초로 금융거래등을 하는 때 고객확인을 이행하면 된다.","고객확인이 금융거래가 완료되기 전까지 이행하는 것이 원칙이나 금융거래의 성질 등으로 인하여 불가피한 경우 예외적으로 거래 이후에 이행하는 것을 허용하고 있다.",2,"[종업원_ 학생등에 대한 일괄적인 계좌개설의 경우 거래당사자가 계좌개설 후 최초로 금융거래등을 하는 때 고객확인을 수행하면 된다.]"
20250918,일반,90,"다음 중 위험관리수준평가(전사적위험평가)에 대한 규제당국의 주요 지적사항으로 옳지 않은 것은?","","해외자회사의 자금세탁방지 의무이행에 대한 면밀한 모니터링 절차가 없으며_ 위험기반접근법(RBA)에 따른 전사적 위험평가에서 해외자회사는 제외되어 있는 등 해외자회사의 자금세탁방지 의무이행에 대한 관리가 미흡함","고유위험 및 운영위험을 식별하고 평가하는 구체적인 방법 및 기준 등이 미흡하여 위험평가 업무가 불합리하게 운영되고 있고_ 전사위험 평가 결과를 주주 등에 대해 적절히 보고하고 있지 않음","내규에 의하면 위험기반접근법(RBA)에 따라 전사적 위험을 식별_ 분석_ 평가하기 위한 절차를 마련_운영하여야 하나_ 금융정보분석원 위험평가시스템의 지표보고 절차와 전사적위험평가절차를 구분하지 않고_ 자체 고유위험 등을 정기적으로 식별_ 평가하고 취약점을 개선하는 절차가 미흡하여 전사적 위험평가가 적절히 이루어지지 않을 우려가 있음","전사적인 자금세탁위험을 확인_ 평가하기 위해 RBA 시스템을 도입하였고_ 금융정보분석원에 금융회사 자신의 위험관리 수준 평가를 위한 자료를 제출하여 동 평가 결과를 확인하고도 회사의 자금세탁방지 위험 관리_ 경감을 하기 위한 정책 등을 수립하는 등_ 동 평가결과를 활용하지 않고 있음","위험평가 시스템에 위험평가지표 자료를 전산으로 입력하는 과정에서 입력자료에 대한 정확성 검증이 미흡함",2,"[주주에 보고할 의무는 없으며_ 대표이사 및 이사회에 대해 적절히 보고하고 있지 않다는 점이 지적됨]"
20250918,일반,91,"FATF 권고사항 23은 특정비금융사업자(DNFBPs)에 대한 AML법제 적용을 요구하고 있다. 다음 중 특정비금융사업자에 포함되지 않는 것은?","","벤처캐피탈","카지노","변호사","회계사","공인중개사",1,"[벤처캐피탈은 포함되지 않는다.]"
20250918,일반,92,"다음 중 금융회사가 수행하는 요주의 인물 필터링(WLF)에 대한 설명이다. 옳은 것을 모두 고르시오.","가) 금융회사등은 금융거래가 완료된 후 요주의 인물 리스트 검색(필터링)을 수행하여야 한다. 나) 요주의 인물 필터링은 최초 거래 시에만 수행하면 된다. 다) 현재 한국인 중 미국의 제재대상자인 SDN에 등재된 개인은 존재하지 않는다. 라) 요주의 인물 검색은 원칙적으로 유사이름일치 엔진(Fuzzy Logic Engine) 검색을 통하여 수행하는 것이 일반적이다. 마) 일반적으로 금융회사등은 요주의명단을 제공하는 밴더를 통하여 요주의명단을 지속적으로 업데이트 한다.","다_ 마","라_ 마","다_ 라","가_ 마","나_ 마",2,"[금융회사등은 금융거래가 완료되기 전에 요주의 인물 리스트 정보와의 비교를 통해 요주의 인물인지 확인할 수 있는 절차를 수립_ 운영하여야 한다]"
20250918,일반,93,"다음이 설명하고 있는 내용과 가장 관련 있는 용어는? [It commonly involves the transfer or export of technology_ goods_ software_ services or expertise that can be used in programs involving nuclear_ biological or chemical weapons_ and their delivery systems - which may involve sophisticated technology_ such as in long range missiles; or it may involve a relatively simple_ or even crude_ device.]","","Funding of Terrorism","Money Laundering","Proliferation Financing","NPO","DNFBP",3,"[핵_ 생화학무기 및 이의 운반수단과 관련한 자금세탁의 주제는 확산자금조달(Proliferation Financing)이다.]"
20250918,일반,94,"금융회사등은 거래모니터링을 통해 식별된 비정상적인 거래행위 또는 유형을 분석하고 이를 의심되는 거래로 보고하기 위한 절차를 갖추어야 한다. 다음 중 업무규정상 금융회사가 갖춰야 할 절차에 해당하지 않는 것은?","","비정상적인 거래행위로 의심되는 거래를 분석할 수 있는 직원을 담당자로 지정","과거 금융거래_ 신용정보_ 기타 정보 등을 활용한 거래 분석","분석 과정에서 확인된 고객의 최신 정보 갱신","분석결과 의심되는 거래로 판단될 경우 이사회에 보고","분석 완료 후 분석내용의 정보화",4,"[분석결과 의심되는 거래로 판단될 경우 금융정보분석원장에게 보고]"
20250918,일반,95,"다음 중 환전업자의 자금세탁방지 제도에 대한 설명 중 옳지 않을 것을 모두 고르시오","가) 환전업자는 은행보다 높은 우대환율을 제공할 뿐만 아니라 외국인이 많은 거점에 영업소 등이 위치하여 접근 용이성이라는 장점이 있어_ 소액거래 및 외국인이 많이 거래하여 자금세탁에 취약한 것으로 알려져 있다. 나) 환전업자는 영세성_ 환치기거래 증가_ 가상자산을 이용한 불법적 환전거래 증가_ 미등록 환전업자를 통한 불법거래 등에 악용될 가능성이 높다. 다) 현재 환전업자의 자금세탁방지업무에 대한 검사감독은 금융감독원이 담당하고 있다. 라) 환전업자는 고액현금거래보고제도에 대한 준수 의무가 부과되고 있지 않다. 마) 하왈라를 이용한 불법 환치기 사례는 주로 이주 노동자들의 송금과 연관된 사례가 종종 발견되는데_ 이들은 환전업 등록 없이 이주노동자들로부터 수수료와 환차익을 챙기고 원화를 받으면_ 본국의 연결책이 거의 실시간으로 해당 국가의 통화로 자금을 전달하는 수법을 이용하다.","가_ 다","나_ 다","라_ 마","가_ 나_ 다","다_ 라",5,"[다) 현재 환전업자의 자금세탁방지업무에 대한 검사감독은 관세청이 담당하고 있다. 라) 환전업자는 고액현금거래보고제도에 대한 준수 의무가 부과되고 있다.]"
20250918,일반,96,"다음은 고액현금거래보고 제도에 대한 설명이다. ()에 알맞은 것을 모두 고르시오.","","① 전체 금융회사_ ② 동일인 _ ③ 30 영업일","② ① 동일 금융회사_ ② 동일인_ ③ 1 거래일","③ ① 전체 동일회사_ ② 가족명의인 _ ③ 3 영업일","④ ① 전체 동일회사_ ② 동일인_ ③ 3 자연일","⑤ ① 동일 금융회사_ ② 동일인 _ ③ 3 영업일",2,"[고액현금거래보고제도는 금융회사등이 (① 동일금융회사)에서 (② 동일인)명의로 이루어지는 (③ 1 거래일 )동안의 금융거래등에 따라 지급한 금액을 합산하거나 영수한 현금금액(외국통화 제외)이 1천만원 이상인 경우 이를 합산하여_ 30일 이내에 금융정보분석원에 보고하는 제도이다.]"
20250918,일반,97,"다음 중 개인 고객의 신원확인 및 검증요건에 대한 설명이다. 가장 알맞지 않은 것을 고르시오.","","여권만으로 신원확인 및 검증이 가능하지 않으므로 추가적인 서류를 제출 받아야함","가족관계증명서는 가족구성원의 주소 검증을 위하여 적합한 서류임","모든 개인고객에 대해서는 정부가 발행한 신원확인증표로 신원을 검증하여야 함.다만 자금세탁 등의 위험이 낮고 정해진 방법으로 고객의 신원을 확인한 때에는 검증을 이행한 것으로 볼 수 있으나_ 금융실명법상 실명확인증표의 진위여부에 주의를 기울여야 함","최근 모바일 운전면허증 발급에 따라 금융위원회는 모바일 운전면허증을 실명확인 및 고객확인제도를 위한 신원검증 서류로 허용하고 있음","신원확인증표는 일반적로 사진이 부착되어 있고_ 정부·공공단체 등이 발행한 유효한 신분증이어야 하며_ 이름_ 신원확인번호_주소 등을 확인할 수 있는 서류이어야 함",2,"[가족관계증명서 상에는 등록기준지를 토대로 발급하고 있어_ 해당 가족관계 증명서상의 구성원들의 주소지를 확인하기 위한 서류로는 바람직하지 않을 수 있음]"
20250918,일반,98,"조세범처벌법 제3조(조세포탈 등)에 따르면 사기나 그 밖의 부정한 행위로써 조세를 포탈하거나 조세의 환급_ 공제를 받은 자는 2년 이상의 징역 또는 포털세액_ 환급 공제받은 세액(이하_ [포탈세액등]이라 한다)의 2배 이하에 상응하는 벌금에 처한다라고 규정하고 있다. 다음 중 [사기나 그 밖의 부정한 행위]에 해당하여 조세의 부과와 징수를 불가능하게 하거나 현저히 곤란하게 하는 적극적 행위에 해당하지 않는 것은?","","이중장부의 작성 등 장부의 거짓 기장","장부와 기록을 잘못된 장소에 보관","거짓 증빙 또는 거짓 문서의 작성 및 수취","계산서_ 세금 계산서 또는 계산서 합계표_ 세금계산서 합계표의 조작","재산의 은닉_ 소득_ 수익_ 행위_ 거래의 조작 또는 은폐",2,"[장부와 기록을 파기하는 행위가 이에 속함]"
20250918,일반,99,"확산자금관련 테러자금금지법의 특징이 아닌 것은?","","금융거래제한대상자의 금융거래등에 대한 금융위원회의 허가","금융거래 등의 확대 및 사전동결 제도","수사기관 신고의무와 의심거래보고 의무","누설금지 등","전제범죄의 범위 규정",5,"[자금세탁행위와 달리 테러자금 및 확산자금조달과 관련하여서는 전제범죄를 규정하고 있지 않다.]"
20250918,일반,100,"다음은 STR 보고서 작성 및 점검 절차에 대한 설명이다. 가장 알맞지 않은 것을 고르시오.","","거래모니터링 전담 직원은 STR 보고서를 작성할 때_ 단순하게 해당 위험신호만을 조사하는 것이 아니라 다양한 정보(예_ CDD_ CTR_ 신용불량 여부_ 금융거래정보제공 요청 여부 등)를 통하여 조사한 후 STR로 보고할 것인지 여부를 판단하여야 함","모든 임직원이 그 누구의 방해 없이 의심스러운 거래를 보고할 수 있게 내부보고체계를 마련하는 것이 중요하며_ 반드시 영업점 내에서 담당책임자의 확인을 거쳐 본점 보고책임자에게 보고가 이뤄야 하는 것은 아니다.","모니터링 전담 조직의 역량이 충분하지 않아 조사를 적정하게 수행하지 못할 경우_ STR 미보고 또는 품질이 낮은 STR 보고가 이루어질 수 있어 보고책임자는 거래모니터링 전담조직에 대한 지속적인 교육을 제공하여 조사자들이 충분한 지식과 기술을 하여야 함","금융회사에서 STR 보고시 외부정보 등도 활용이 가능함. 예를 들어 법인고객의 경우 신용정보회사가 제공하는 지배구조_ 소유구조를 파악할 수 있는 정보_ 외부감사보고서에 부정적 의견이 존재하는지 여부_최근 과도한 매출 증가 또는 감소가 있는지 여부_ 또는 포탈서비스 등에 해당 고객에 대한 부정적인 보도가 있는 여부 등을 활용하여 의심거래 여부를 판단할 수 있음","자금세탁 관련 위험신호나 내부 의심거래보고에 대하여 혐의 없다고 판단되는 경우에는 간략하게 [혐의없음]_ [정상영업거래]_ [의심스러운 거래로 판단할만한 사유가 없음] 로 기술하여 종결할 수 있음",5,"[내부 의심거래 보고 등에 대하여 의심이 없다고 판단하여 종결할 경우에는 상세한 사유를 기술하여야 하며_ 간략하게 기술할 경우 내부감사나_ 규제당국의 검사등에서 지적될 수 있음]"
20250920,일반,101,다음 카지노사업자의 자금세탁 관련 설명으로 옳은 것은?,,카지노사업자는 CTR 보고 의무가 없다.,카지노 사업자의 일회성 CDD 대상 기준 금액은 100만원 초과 또는 이에 상응하는 외화거래이다.,외국 카지노 사업자의 경우_ 여권에 대한 위변조 조회를 수행하므로 위조여권에 의한 원천적인 리스크를 원천적으로 통제하고 있어 더 이상 위조여권에 의한 거래는 불가하다.,최근 당국 규제당국의 카지노사업자에 대한 감독관리를 강화하여 수백억원대의 과태료 부과 처분이 발생하고 있다.,카지노사업자는 신용제공_ 수표교환_ 환전 등의 서비스를 제공하고 현금을 통한 칩 교환등이 가능하고_ 타인명의에 의한 거래 가능성이 높아 자금세탁방지 제도 이행 초기부터 카지노사업자에 대한 자금세탁방지 의무를 부과하고 있다.,5,"1. 카지노사업자는 CTR 보고 의무가 있다. 2. 카지노 사업자의 일회성 CDD 대상 기준 금액은 300만원 또는 이에 상응하는 외화거래이다. 3. 외국 카지노 사업자의 경우_ 여권에 대한 위변조 조회를 수행하지만 위조여권에 의한 원천적인 리스크를 통제할 수는 없다. 4. 최근 당국 규제당국의 카지노사업자에 대한 감독관리를 강화하여 수십억원대의 과태료 부과 처분이 발생하고 있다."
20250920,일반,102,다음 중 의심스러운 거래로 보고하지 않을 수 있다고 판단되는 경우를 고르시오.,,고객에 의한 대출사기가 발생하여 금융회사가 해당 금융대출사기를 수사기관에 신고한 경우,홍길동은 대기업 회장인 임꺽정의 자금을 관리하는 자로 알려졌는데_ 최근 홍길동의 계좌에 압수수색영장이 발부되었는데_ 압수수색영장은 홍길동의 계좌 내역을 요청하는 압수수색영장에 홍길동이 임꺽정의 비자금형성에 주범으로 기재되어 있는 경우,다수인으로부터 하루에 수백건의 소액 자금이 빈번하게 입금되는 계좌를 보유한 고객의 거래명세 적요란에 [스포츠토토]_ [대박]_ [로또]등이 기재된 거래가 많고_ 인터넷 검색결과_ 최근 불법도박사이트로 검찰 조사가 진행 중이라는 기사를 발견한 경우,홍길동이 자신 명의로 동창회모임 통장으로 개설하는 경우,무직으로 확인된 고길동은 다수인로부터 소액으로 입금된 자금을 매일 1천만원 이하(주로 9백 5십만원과 9백 8십만원 사이)의 현금을 인출하는 거래를 하는데_ 현금 인출사유는 그냥 집에 보관하기 위한 목적이라고 하며_ 항상 동반자와 함께 내점을 하고 그의 지시에 따라 거래를 수행함,4,동창회 등 모임 계좌는 선의의 차명계좌에 해당하여 불법행위 목적의 차명계좌로 분류하지 않음
20250920,일반,103,금융회사등이 자신의 자금세탁행위 등의 위험을 확인_ 평가_ 이해하기 위해 적절한 조치를 취하여야 한다. 다음 중 알맞지 않은 것을 고르시오.,,위험평가등의 결과를 문서화하여야 한다.,전반적 위험의 수준과 위험과 위험의 완화를 위해 적용되어야 할 적절한 조치의 수준과 종류를 결정하기에 앞서 관련된 모든 위험 요소들을 고려하여야 한다.,위험평가등의 결과를 지속적으로 최신 상태로 유지하여야 한다.,자금세탁방지 업무규정 제28조(위험평가)_ 제29조(국가위험)_ 제30조(고객유형평가)_ 제31조(상품 및 서비스 위험)의 내용을 위험평가등에 반영하여야 한다.,위험평가등의 정보를 법 집행기관에 제공하기 위한 적절한 운영체계 구축해야 한다.,5,위험평가등의 정보를 금융정보분석원장 및 검사수탁기관의 장에게 제공하기 위한 적절한 운영체계를 구축하여야 함
20250920,일반,104,다음 중 고위험 고객으로 분류되어 강화된 고객확인의무가 부과되는 고객에 해당하지 않는 경우를 고르시오,,영국 총리,금융회사 내부에서 고액자산가로 분류한 금융자산이 100억원이 넘는 고객,은행과 환거래계약을 맺은 해외 은행,행복시 천국동주민센터 사회복지과 과장,미얀마 국적의 미얀마에 거주하는 고객,4,현재 한국 정치적 주요인물에 대해서는 강화된 고객확인의무를 이행할 것을 법규로 요구하고 있지 않으며_ 특히 낮은 직급의 공직을 가진 자는 정치적 주요인물로 분류하지 않는다.
20250920,일반,105,"다음 문장의 ()안에 들어갈 알맞은 것을 고르시오. [금융정보분석원은 평가의 효율성 제고를 위하여 매년 수행되는 종합평가와 분기별로 수행되는 ( ① )의 이중 부담 등을 고려하여 2021 년 3 분기부터 두 평가를 통합한 제도이행평가를 수행하고 있으며_ 2024 년 현재에는 ( ② )로 평가를 이행하고 있다.]",,① 제도이행평가_ ② 반기별,① 제도이행평가_ ② 분기별,① 종합평가_ ② 분기별,① 종합평가_ ② 월별,① 제도이행평가_ ② 월별,1,금융정보분석원은 평가의 효율성 제고를 위하여 매년 수행되는 종합평가와 분기별 수행되는 (① 제도이행평가)의 이중 부담 등을 고려하여 2021년 3분기부터 두 평가를 통합한 제도이행평가를 수행하고 있으며_ 2024년 현재에는 (② 반기별)로 평가를 이행하고 있다.
20250920,일반,106,다음 중 자금이동규칙(Travel rule)의 필수 정보가 아닌 것은?,,송금인 이름,송금인 계좌번호(거래에 사용되는) - 지갑주소,송금인의 물리적 주소 or 국가실명번호 or CI or 생년월일,수취인 이름,송금인의 자금 출처 정보,5,Travel rule은 송금 VASP와 수취 VASP간의 정보 공유에 대한 내용으로 송금인과 수취인의 이름_ 송금인과 수취인의 계좌번호(지갑주소)_ 주소 및 국가정보_ 생년월일 정보 등을 정보가 전달되어야 한다.
20250920,일반,107,자금세탁방지는 각종 국제조약 및 협약_ 국제 결의에서 그 근거를 찾을 수 있는데 다음 보기가 설명하고 있는 국제 협약/결의안은?,,1988년 비엔나 협약,2001년 UNSCR 1373호,1999년 메리다 협약,2000년 팔레모 협약,1999년 테러자금억제를 위한 국제협약,1,1998년도에 체결된 비엔나 협약의 공식 명칭은 United Nations Convention Against Illicit traffic in Narocotic Drugs and Psychotropic Substance로 마약 관련 자금세탁방지를 다루고 있다.
20250920,일반,108,다음 중 금융회사등이 추가정보 확인이 필요한 고객으로 고려하여야 하는 대상에 해당하지 않은 것을 고르시오.,,파라다이스 카지노,필리핀 한국 대사,모든 비거주자 고객,고가의 귀금속 판매상,증권사의 고액자산가 고객인 홍길동,3,비거주자 고객의 경우_모두 추가정보 확인인 필요한 것이 아니라_ 자금세탁행위등의 위험도를 고려하여 달리 정할 수 있음
20250920,일반,109,"다음은 정치적 주요인물에 대한 고객확인의무에 대한 설명이다. 옳은 것을 모두 고르시오.",가) 외국의 정치적 주요인물이 신규로 계좌를 개설하는 경우 관리자의 승인을 득한 후 거래를 진행하여야 한다. 나) 법인 고객의 경우 실소유자가 정치적 주요인물과 연관성이 있는지 여부를 확인할 필요까지는 없고 당해 법인에 대해서만 확인하면 된다. 다) 정치적 주요인물의 범위에는 해당 정치적 주요인물과 그의 가족과 그와 정치적 성향을 같이하는 자도 반드시 포함해야 한다. 라) 정치적 주요인물은 자신의 권력을 이용한 부패리스크가 높기 때문에 강화된 고객확인이 요구된다. 마) 외국의 정치적 주요인물이라 함은 현재 또는 과거에 외국에서 정치_ 사회적으로 영향력을 가진 사람들과 그들의 가족 또는 밀접한 관계가 있는 자를 의미한다.,가_ 마,나_ 마,다_ 라_ 마,라_ 마,다_ 마,4,가) 외국의 정치적 주요인물이 신규로 계좌를 개설하는 경우 고위경영진의 승인을 득한 후 거래를 진행하여야 한다. 나) 법인 고객의 경우 실소유자가 정치적 주요인물과 연관성이 있는지 여부를 확인하여야 한다. 다) 정치적 주요인물의 범위에는 해당 정치적 주요인물과 그의 가족과 그와 정치적 성향을 같이하는 자가 아니라 정치인의 자금을 관리하는 자로 알려진 인물을 측근으로 포함하여야 함
20250920,일반,110,"다음은 인수합병시 고객확인제도에 대한 설명이다. 옳지 않을 것을 모두 고르시오.",가) 금융회사등은 인수_ 합병 등을 통해 새롭게 고객이 된 자에 대해서도 고객확인을 이행하여야 한다. 나) 인수하는 금융회사가 피인수 금융회사로부터 고객확인 관련기록을 입수하고 특정금융정보법 제 5조의 2에 의한 고객확인 이행을 보증받았을 경우 인수합병에 따른 고객확인을 생략할 수 있다. 다) 인수하는 금융회사가 피인수 금융회사로부터 고객확인 관련자료를 입수하고 특정금융정보법 제 5조의 2에 의한 고객확인 이행을 보증받고_ 고객확인 관련 자료에 대한 표본추출 점검 등을 통해 적정하다고 판단한 경우 인수합병에 따른 고객확인을 생략할 수 있다. 라) 금융회사등이 비금융회사를 인수합병할 경우_ 피인수회사의 고객에 대해서는 별도의 고객확인을 수행할 필요가 없다. 마) 표본추출 점검을 통하여 적정하지 않다고 판단되는 경우 피인수회사의 고객에 대하여 새롭게 고객확인을 수행할 필요가 있다.,가_ 라,나_ 라,나_ 마,나_ 다,나_ 다_ 라,2,"금융회사등이 비금융회사를 인수합병할 경우_ 피인수회사의 고객에 대해서는 인수한 금융회사등의 CDD 정책에 따라 CDD를 수행하여야 한다."
20250920,일반,111,다음 중 의심거래 참고유형에서 의심스러운 거래로 보는 대표적인 예시에 해당하지 않는 것을 고르시오,,금융거래자의 요청에 의하여 현금거래로 처리하는 등 평소 금융거래 형태와 상이한 거래로서 거액의 금융거래 또는 분할거래를 하고 있다고 의심되는 경우,부모가 미성년자 자녀 명의로 3천만원 주식계좌를 개설하면서 증여세 증빙자료를 제출한 경우,평소 통상적 금융거래 형태를 유지하고 있는 급여생활자_ 개인사업자_ 중소기업 등의 계좌에서 거액의 금융거래가 발생하고_ 자금의 실제 당사자 여부를 확인하는 과정에서 의심되는 경우,미성년자 명의로 개설된 계좌에서 거액의 금융거래가 발생하는 경우,직업 및 사업내용 등이 명확히 파악되지 않는 고객이 다수의 타인 명의의 계좌를 소지하고_ 거액의 금융거래를 하는 경우,2,미성년자 계좌의 거액 거래에 대한 가장 주목하는 위험은 탈세위험인데_ 증여서 증빙자료를 제출하는 경우에는 정당한 거래로 간주할 수 있음
20250920,일반,112,"다음은 의심거래 판단기준에 대한 설명이다. 옳은 것을 모두 고르시오.",가) 의심이란 금융회사의 직원으로서 무엇인가 정상적이지 않다는 의심이 발생하는 것을 의미한다. 나) 반드시 자금세탁행위가 발생하였다거나 의도가 있다는 확신이나 증거가 필요한 것은 아니다. 다) STR보고의 활성화를 위해 의심이 있다는 추측만을 가지고 보고하는 것도 허용한다. 라) 금융회사 직원의 업무적인 전문지식_ 경험 등을 활용하여 [의심거래보고]를 종합적으로 판단하는 것이 가장 효과적이다. 마) 고객과 직접 접촉하는 일선 창구직원은 고객과의 친밀성 등이 존재할 수 있으므로 창구직원이 내부 의심거래를 판단하여 보고하는 것은 바람직하지 않다.,가_ 나,나_ 다_ 라,가_ 나_ 마,가_ 나_ 라,나_ 다_ 라,4,다) 의심이 있다는 추측만을 가지고 보고해서는 안 된다. 마) 고객과 직접 접촉하는 일선 창구직원은 거래자 및 거래내용을 확인하는 과정에서 의심스러운 거래를 가장 잘 인지할 수 있으므로 창구직원이 내부 의심거래를 판단하여 보고하는 것은 효율적일 수 있다.
20250920,일반,113,다음 () 안에 들어갈 용어로 맞는 것은? [금융회사(금융회사 종사자 포함)는 의심스러운 거래보고를 한 경우 당해 보고와 관련된 금융거래의 상대방 및 그의 관계자에 대하여 ( ① )을 지지 않는다. 또한_ 의심스러운 거래 보고에 관여한 금융회사의 종사자는 특정금융정보법의 규정과 관련된 ( ② )를 제외하고는 당해 보고와 관련된 사항에 대하여 ( ③ )을 거부할 수 있다.],,① 손해배상책임_ ② 조사_ ③ 협조,① 협조의무_ ② 조사_ ③ 증언,① 신의성실의무_ ② 재판_ ③ 증언,① 신의성실의무_ ② 조사_ ③ 협조,① 손해배상책임_ ② 재판_ ③ 증언,5,금융회사(금융회사 종사자 포함)는 의심스러운 거래보고를 한 경우 당해 보고와 관련된 금융거래의 상대방 및 그의 관계자에 대하여 (① 손해배상책임 )을 지지 않는다. 또한_ 의심스러운 거래 보고에 관여한 금융회사의 종사자는 특정금융정보법의 규정과 관련된 (② 재판)를 제외하고는 당해 보고와 관련된 사항에 대하여 (③ 증언) 거부할 수 있다.
20250920,일반,114,다음 중 무역기반 자금세탁방지와 관련한 FATF 가이던스에서 제시하고 있는 TBML 위험지표에 해당하지 않는 것은?,,신기술 관련 위험지표 : 무역에 과도한 신기술 적용_ 가상자산을 활용한 무역거래 등,무역거래 문서 및 상품위험 지표 : 위조서류_ 일관성이 결여된 문서 등,무역 활동 위험지표 : 정상적이지 않은 중간기착지_ 비정상적로 복잡한 무역거래 등,회계와 거래활동 위험지표 : 결제 단계에서 수취인 변경_ 입금계좌가 PTA_ 끝전이 비정상적인 경우,구조적 위험지표 : 부적정한 사업장 주소_ 위장회사_ 고위험국가 등,1,"2~5) 가 FATF 가이던스에서 제시하는 위험지표이다."
20250920,일반,115,다음 중 선의의 차명 계좌에 해당하는 것을 모두 고르시오.,가) 장희빈은 동네 친목 목적으로 계모임 계좌를 본인 명의로 개설하였음 나) 홍길동은 문중의 장손으로 문중자금을 관리하기 위하여 본인 명의로 계좌를 개설함 다) 장길산은 자신의 미성년자 아들인 장무기의 자금을 관리하기 위하여 본인(장길산) 명의의 계좌를 개설함 라) 임꺽정은 교회의 총무인데_ 교회의 금융자산을 관리하기 위하여 본인 명의로 계좌를 개설함 마) 어우동은 친구인 장녹수가 금융소득종합과세가 너무 많이 나오자 이를 도와주기 위하여 자신의 명의로 일부 자금을 거래하여 줌,가_ 나,가_ 마,나_ 다,가_ 다_ 라,가_ 나_ 다_ 라,5,선의의 차명계좌의 대표적인 사례 1. 계_ 부녀회_ 동창회 등 친목모임 회비를 관리하기 위하여 대표자(회장_ 총무_ 간사) 명의의 계좌를 개설하는 행위 2. 문중_ 교회 등 임의단체 금융자산을 관리하기 위해 대표자(회장_ 총무_ 간사) 명의 계좌를 개설하는 행위 3. 미성년 자녀의 금융자산을 관리하기 위해 부모명의 계좌에 예금하는 행위 등이 있음
20250920,일반,116,유럽연합(EU) 제5차 AML Directives의 내용이 아닌 것은?,,FIU를 통한 간편한 모니터링,간소화된 CDD실시,가상자산(Crypto Asset)시장 개방,선불카드의 요구사항 강화,중앙등록시스템의 편리한 접속과 투명성 강화,2,간소화된 CDD는 제3차 AML Directive에 적용되었다.
20250920,일반,117,다음 중 2018년 정부 관계합동기관이 발표한 국가위험평가서에서 범죄수익을 창출하는 전제범죄 분석을 통하여 파악된 한국의 자금세탁 주요 위험에 해당하지 않는 것을 고르시오,,탈세_ 조세포탈(관세포탈 포함),금융사기,마약범죄,재산국외도피,주가조작 등 불공정거래,3,마약범죄가 최근 급증하고 있으나 범죄수익을 창출하는 전제범죄 분석을 통하여 파악된 주요 위험에는 해당하지 않음
20250920,일반,118,TBML(Trade Based Money Laundering-무역거래기반 자금세탁행위)에 대한 설명이다. 옳지 않은 것을 고르시오.,,무역업체가 고밀도 주거용건물에 사업장을 가지고 있거나_ 사서함 주소를 가지고 있거나 특정 호수에 대한 언급이 없는 상업용 건물에 주소지를 둔 경우에는 위험신호로 보지 않고 거래거절 사유로 판단하여 거래를 거절하여야 한다.,TBML이란 불법자금의 원천을 합법화시키기 위한 목적으로 무역거래를 이용하여 범죄수익을 가장하거나 이동시키는 일련의 과정이다.,TBML 거래를 파악하기 위하여 특정거래 유형에 ML 위험신호로 파악하여 모니터링이 이루어질 수 있도록 프로세스를 구현하는 것이 필요한다. 일반적으로 BATF가 Wolfsberg 그룹과 마련한 표준위험신호를 사용할 수 있으나_ 각 금융회사의 거래 상품에 따라 상이하게 적용될 수 있다.,새로 설립되었거나_ 최근에 다시 거래가 활성화된 무역법인이 대규모 고가치 무역활동에 참여하는 경우는 위험신호로 파악하여 추가적인 조사를 수행할 필요가 있다.,무역업체가 자신의 계산으로 상품을 구매하지만 구매금액이 현저하게 기업의 경제적 능력을 초과하는 경우 위험신호로 파악하여 추가적인 조사를 수행할 필요가 있다.,1,무역업체가 고밀도 주거용건물에 사업장을 가지고 있거나_ 사서함 주소를 가지고 있거나 특정 호수에 대한 언급이 없는 상업용 건물에 주소지를 둔 경우에는 위험신호로 판단하여 주소지가 불명확한 사유에 대한 추가조사를 진행하여 명확한 사유가 설명되지 않을 경우 거래거절 사유로 판단할 수 있다.
20250920,일반,119,다음 중 범죄수익등의 몰수와 추징과 관련하여 잘못 설명하고 있는 것은?,,몰수는 범죄수익등을 범죄수익이 범죄피해재산인 경우에도 그 가액을 추정하여 몰수할 수 있다. 압수하여 국고에 귀속시키는 행위을 말한다.,추징은 몰수가 불가능하거나 부적절할 경우 그 가액을 징수하는 것을 말한다.,범죄수익뿐만 아니라 범죄수익에서 유래한 재산_ 범죄수익의 보수_ 이 재산의 대가/처분으로서 얻은 재산을 모두 포함하여 '범죄수익등'으로 표현한다,범죄수익이 범죄피해재산인 경우에도 그 가액을 추정하여 몰수할 수 있다.,금융회사 직원이 범죄조직의 자금세탁을 도와주고 대가로 받은 재산이 있다면 몰수될 수 있다.,4,범죄수익이 범죄피해재산인 경우에는 몰수 및 추징이 불가능하다.
20250920,일반,120,다음 중 실소유자 확인 면제 대상 기관이 아닌 것을 모두 고르시오.,가) 강원랜드 나) 예술의 전당 다) 한국은행 라) 전국은행 연합회 마) 한국귀금속판매중앙회,가_ 나,가_ 나_ 라_ 마,가_ 마,가_ 나_ 마,가_ 라_ 마,3,예술의 전당_ 한국은행_ 전국은행연합회는 금융정보분석원장이 지정한 실소유자면제 대상임